{
    "value0": false,
    "value1": 32,
    "value2": 0.10000000149011612,
    "value3": {
        "value0": 1,
        "value1": 0,
        "value2": 1,
        "value3": 1
    },
    "value4": {
        "value0": 0.80392158031463623,
        "value1": 1,
        "value2": 0.85490196943283081,
        "value3": 0.4117647111415863
    },
    "value5": {
        "value0": 0.89999997615814209,
        "value1": 0.60000002384185791,
        "value2": 0,
        "value3": 0.89999997615814209
    },
    "value6": true,
    "value7": {
        "value0": 0.89999997615814209,
        "value1": 0.30000001192092896,
        "value2": 0.30000001192092896,
        "value3": 0.89999997615814209
    },
    "value8": 0,
    "value9": 0,
    "value10": 5,
    "value11": {
        "value0": 1,
        "value1": 0.41960784792900085,
        "value2": 0.35294118523597717,
        "value3": 0.7450980544090271
    }
}