{
    "value0": false,
    "value1": 10,
    "value2": 0.0010000000474974513,
    "value3": {
        "value0": 1,
        "value1": 1,
        "value2": 1,
        "value3": 0.89999997615814209
    },
    "value4": {
        "value0": 1,
        "value1": 1,
        "value2": 1,
        "value3": 0.10000000149011612
    },
    "value5": {
        "value0": 0.1900000125169754,
        "value1": 0,
        "value2": 0,
        "value3": 1
    },
    "value6": {
        "value0": 0,
        "value1": 0,
        "value2": 0,
        "value3": 1
    },
    "value7": {
        "value0": 1,
        "value1": 0.60000002384185791,
        "value2": 0,
        "value3": 1
    },
    "value8": {
        "value0": 0,
        "value1": 0,
        "value2": 1,
        "value3": 1
    },
    "value9": true,
    "value10": {
        "value0": 0.89999997615814209,
        "value1": 0.30000001192092896,
        "value2": 0.30000001192092896,
        "value3": 0.89999997615814209
    },
    "value11": 0,
    "value12": 0,
    "value13": 0,
    "value14": 1,
    "value15": -0.0070000002160668373,
    "value16": 1.630000114440918
}