{
    "value0": false,
    "value1": 38,
    "value2": 0.10000000149011612,
    "value3": {
        "value0": 1,
        "value1": 1,
        "value2": 1,
        "value3": 0.89999997615814209
    },
    "value4": {
        "value0": 0,
        "value1": 0,
        "value2": 0,
        "value3": 1
    },
    "value5": {
        "value0": 0.74901962280273438,
        "value1": 1,
        "value2": 0.41568627953529358,
        "value3": 1
    },
    "value6": {
        "value0": 0.19607843458652496,
        "value1": 0.22745098173618317,
        "value2": 0.19607843458652496,
        "value3": 1
    },
    "value7": {
        "value0": 1,
        "value1": 0.21960784494876862,
        "value2": 0,
        "value3": 1
    },
    "value8": {
        "value0": 1,
        "value1": 0,
        "value2": 1,
        "value3": 1
    },
    "value9": true,
    "value10": {
        "value0": 0.89999997615814209,
        "value1": 0.30000001192092896,
        "value2": 0.30000001192092896,
        "value3": 0.89999997615814209
    },
    "value11": 0,
    "value12": 73,
    "value13": -17,
    "value14": {
        "value0": 1,
        "value1": 1,
        "value2": 1,
        "value3": 1
    }
}