{
    "value0": true,
    "value1": {
        "value0": {
            "value0": -6.5924620628356934,
            "value1": 2.2624151706695557,
            "value2": -0.29844880104064941
        },
        "value1": {
            "value0": 0.11358058452606201,
            "value1": 0.71308475732803345,
            "value2": 0.11883889138698578,
            "value3": -0.68153285980224609
        },
        "value2": 40,
        "value3": 2.46875,
        "value4": 0.0099999997764825821,
        "value5": 100,
        "value6": 6.9762563705444336,
        "value7": {
            "value0": 0,
            "value1": 0
        }
    }
}