{
    "value0": false,
    "value1": 98.000007629394531,
    "value2": 0.17200000584125519,
    "value3": {
        "value0": 1,
        "value1": 1,
        "value2": 1,
        "value3": 1
    },
    "value4": {
        "value0": 0,
        "value1": 0,
        "value2": 0,
        "value3": 1
    },
    "value5": {
        "value0": 0.023529412224888802,
        "value1": 0.13333334028720856,
        "value2": 0.23921568691730499,
        "value3": 1
    },
    "value6": {
        "value0": 0,
        "value1": 0,
        "value2": 0,
        "value3": 1
    },
    "value7": {
        "value0": 1,
        "value1": 1,
        "value2": 1,
        "value3": 1
    },
    "value8": {
        "value0": 1,
        "value1": 0.51372551918029785,
        "value2": 0,
        "value3": 1
    },
    "value9": true,
    "value10": {
        "value0": 0.89999997615814209,
        "value1": 0.30000001192092896,
        "value2": 0.30000001192092896,
        "value3": 0.89999997615814209
    },
    "value11": 0,
    "value12": 73,
    "value13": -7.0000004768371582,
    "value14": 5,
    "value15": -0.0060000000521540642
}