{
    "value0": false,
    "value1": {
        "value0": {
            "value0": 2,
            "value1": 3,
            "value2": 1
        },
        "value1": {
            "value0": -0.38155537843704224,
            "value1": 0.46987748146057129,
            "value2": 0.235814169049263,
            "value3": 0.76027780771255493
        },
        "value2": 40,
        "value3": 2.46875,
        "value4": 0.0099999997764825821,
        "value5": 100,
        "value6": 3.7416574954986572,
        "value7": {
            "value0": 0,
            "value1": 0
        }
    }
}